"Day","Usd","Market_Cap","Btc","Volume","Heighs","Lows"
"1","2.83162","0","0.0101411","90621","3.54","2.52"
"2","1.33075","80339474","0.00495364","368070","2.8","0.71"
"3","0.718413","43390263","0.00269075","743154","0.88","0.63"
"4","0.643769","38898715","0.0024399","426915","0.73","0.64"
"5","0.75046","45369473","0.00282948","501828","1.13","0.66"
"6","1.09408","66171951","0.00410567","2350560","1.29","0.88"
"7","1.43605","86892350","0.00543304","2267030","1.97","1.17"
"8","2.18547","132298489","0.00822514","5633380","2.26","1.75"
"9","1.62884","98648514","0.00613278","3541220","1.88","1.57"
"10","1.41008","85435698","0.00542908","3320980","1.7","1.09"
"11","1.2777","77448311","0.00494876","2112170","1.58","1.19"
"12","1.25111","90759742","0.00492631","1631370","1.33","1.09"
"13","1.23344","89509421","0.00529622","1726800","1.32","1.17"
"14","1.42324","103319674","0.00607928","1883050","1.53","1.25"
"15","1.52923","111044685","0.00654524","2557030","1.56","1.35"
"16","1.4326","104065432","0.00630416","1626510","1.48","1.35"
"17","1.31819","95788353","0.00573491","1596800","1.41","1.3"
"18","1.29085","93834397","0.00584501","953490","1.36","1.23"
"19","1.13386","82450858","0.00519785","1150900","1.24","1.13"
"20","1.18854","86457751","0.00519443","1246990","1.2","1.06"
"21","1.13735","82761292","0.00501229","649447","1.19","1.14"
"22","1.16945","85124926","0.00511602","869767","1.21","1.12"
"23","1.15959","84433215","0.00505092","411917","1.21","1.15"
"24","1.29226","94119631","0.0056509","1106680","1.37","1.17"
"25","1.33424","97205308","0.00581711","1585480","1.4","1.2"
"26","1.36205","99258434","0.00597326","702061","1.39","1.34"
"27","1.32183","96352789","0.005773","774641","1.35","1.26"
"28","1.22057","88991741","0.00535375","958283","1.31","1.21"
"29","1.27071","92672957","0.00553476","500545","1.3","1.24"
"30","1.30895","95493564","0.00559853","348135","1.34","1.27"
"31","1.32205","96482211","0.00547511","557762","1.37","1.29"
"32","1.25613","91701931","0.00522279","567383","1.31","1.24"
"33","1.24681","91051505","0.00513966","333500","1.28","1.23"
"34","1.24914","91253475","0.00522292","398039","1.26","1.2"
"35","1.20929","88372350","0.0050528","340658","1.22","1.14"
"36","0.996344","72836199","0.00415672","1712070","1.17","0.94"
"37","1.05297","77002591","0.00440958","1283270","1.11","0.97"
"38","0.985603","72100999","0.0042231","501030","1.04","0.9"
"39","0.891943","65270921","0.0038465","813796","0.95","0.87"
"40","0.982715","71937303","0.00425576","749725","1.05","0.88"
"41","0.92787","67945322","0.00405499","602725","0.95","0.9"
"42","0.868778","63639661","0.00378042","889422","0.91","0.83"
"43","0.862011","63164865","0.0036895","458725","0.89","0.83"
"44","0.854085","62605818","0.00368727","436631","0.91","0.83"
"45","0.905599","66405854","0.00390701","494462","0.95","0.87"
"46","0.90469","66366172","0.00396695","437068","0.96","0.88"
"47","0.905667","66460539","0.00392631","521468","0.92","0.87"
"48","0.895256","65719664","0.00387667","250246","0.91","0.89"
"49","0.854913","62779561","0.00363083","703524","0.91","0.79"
"50","0.759275","55775707","0.00322251","993513","0.83","0.71"
"51","0.742177","54538264","0.00316511","327593","0.79","0.71"
"52","0.730005","53661532","0.00313043","473869","0.79","0.72"
"53","0.637005","46840376","0.00267793","1039950","0.73","0.56"
"54","0.653765","48087962","0.0027534","1220220","0.68","0.56"
"55","0.724364","53298029","0.00305817","573890","0.75","0.64"
"56","0.690573","50829539","0.00290633","663012","0.73","0.66"
"57","0.671786","49463919","0.00283325","233249","0.69","0.65"
"58","0.695455","51224632","0.00291138","173219","0.71","0.68"
"59","0.665442","49029996","0.00278897","100363","0.69","0.66"
"60","0.657051","48428249","0.0027431","160792","0.67","0.62"
"61","0.632599","46641391","0.00257052","317562","0.65","0.61"
"62","0.619119","45662886","0.00252931","190129","0.66","0.6"
"63","0.599494","44230826","0.00246388","251648","0.63","0.59"
"64","0.660658","48759804","0.0027107","474870","0.69","0.63"
"65","0.631135","46596489","0.00257844","169609","0.65","0.62"
"66","0.630541","46568776","0.00255998","107155","0.64","0.62"
"67","0.636484","47023886","0.00259234","97752","0.66","0.63"
"68","0.606636","44834228","0.00243319","236344","0.63","0.6"
"69","0.52611","38895901","0.0020777","827383","0.61","0.48"
"70","0.565953","41855476","0.00222544","558993","0.57","0.51"
"71","0.527295","39009400","0.00200987","285371","0.57","0.52"
"72","0.56186","41580924","0.00210708","298388","0.56","0.53"
"73","0.517889","38339607","0.00197399","140579","0.55","0.51"
"74","0.491283","36382205","0.00187019","253934","0.52","0.48"
"75","0.480749","35614001","0.00178527","248435","0.5","0.43"
"76","0.422475","31307647","0.00158166","681066","0.48","0.42"
"77","0.619466","45920643","0.00226434","753020","0.62","0.42"
"78","0.554031","41084520","0.00200485","1012760","0.61","0.5"
"79","0.545888","40494951","0.00196034","359611","0.58","0.52"
"80","0.673224","49958287","0.00233782","550888","0.69","0.56"
"81","0.680178","50490987","0.00238999","970492","0.76","0.6"
"82","0.785891","58358780","0.00266845","1869480","0.9","0.71"
"83","1.03441","76838923","0.00342911","2038880","1.06","0.81"
"84","1.15956","86165263","0.0037014","2632620","1.21","0.95"
"85","1.054","78348805","0.00325909","2511200","1.35","0.97"
"86","0.909637","67641744","0.00290852","683935","1.06","0.9"
"87","1.05062","78153437","0.00322929","580713","1.08","0.9"
"88","0.953811","70976019","0.00264331","1092130","1.1","0.95"
"89","0.997756","74271485","0.00250956","1955420","1.07","0.94"
"90","0.892536","66462024","0.00223974","2971250","1.04","0.73"
"91","0.901961","67186858","0.00230972","1223520","0.99","0.86"
"92","0.892709","66520510","0.00239947","910595","0.99","0.85"
"93","0.92468","68926285","0.00238901","889471","0.94","0.86"
"94","1.02298","76279337","0.00274681","1006750","1.03","0.92"
"95","0.995461","74252362","0.00261612","2051660","1.11","0.95"
"96","0.920968","68719109","0.00272266","852037","1.05","0.92"
"97","0.780376","58248283","0.00255016","1242930","0.95","0.73"
"98","0.899769","67182849","0.00268083","819292","0.91","0.76"
"99","0.89639","66953444","0.00266905","543361","0.92","0.85"
"100","0.895713","66926148","0.00268942","378938","0.91","0.88"
"101","0.907901","67860384","0.00283954","405150","0.92","0.87"
"102","0.924759","69143754","0.00279923","616392","0.94","0.89"
"103","0.999183","74734187","0.00298627","1159970","1.03","0.91"
"104","0.992681","74273033","0.00296607","660616","1.01","0.94"
"105","0.953748","71383817","0.00292192","442128","1.01","0.94"
"106","0.928143","69489301","0.00288161","616820","0.96","0.9"
"107","0.968713","72552099","0.00296849","457709","0.98","0.92"
"108","0.967793","72507763","0.00298886","352712","0.98","0.96"
"109","0.9408","70509324","0.00292313","448238","0.97","0.93"
"110","0.883399","66229240","0.00276034","558326","0.95","0.9"
"111","0.87085","65310149","0.00262349","595059","0.9","0.85"
"112","0.877679","65844023","0.00249841","932648","0.9","0.8"
"113","0.884117","66353697","0.00247684","523576","0.9","0.86"
"114","0.904788","67927873","0.00254175","348415","0.93","0.86"
"115","0.853092","64068182","0.00226743","622045","0.91","0.86"
"116","0.869735","65340277","0.00230235","674126","0.9","0.85"
"117","0.847603","63698895","0.00239471","629759","0.89","0.85"
"118","0.816346","61370121","0.00221787","593841","0.88","0.82"
"119","0.810704","60966627","0.00225978","367831","0.84","0.79"
"120","0.834842","62803022","0.00225401","221871","0.86","0.8"
"121","0.874011","65770940","0.00218277","350867","0.87","0.82"
"122","0.820218","61743099","0.0021025","478709","0.88","0.83"
"123","0.790543","59529251","0.00200934","465547","0.85","0.79"
"124","0.78679","59265869","0.00187942","520265","0.82","0.78"
"125","0.792909","59747560","0.00190949","454250","0.82","0.77"
"126","0.836892","63083253","0.00198083","381638","0.86","0.79"
"127","0.96049","72423904","0.0022455","1204430","0.93","0.82"
"128","0.97204","73319966","0.00224249","854989","1.05","0.93"
"129","0.986017","74399997","0.00224998","328743","0.99","0.94"
"130","1.0002","75495316","0.00220212","590517","1.01","0.95"
"131","0.993618","75023286","0.00219769","506528","1.03","0.98"
"132","0.990385","74803967","0.00217304","285523","1.02","0.97"
"133","0.918964","69432771","0.00200983","655652","1.0","0.91"
"134","0.905155","68412181","0.0019514","250567","0.94","0.91"
"135","0.917421","69362220","0.00199562","376019","0.93","0.89"
"136","0.910805","68884533","0.00207406","516833","0.94","0.9"
"137","0.895223","67728508","0.00203657","524508","0.92","0.89"
"138","0.870907","65911230","0.00198224","470235","0.91","0.86"
"139","0.862629","65306709","0.0018957","319626","0.88","0.86"
"140","0.876426","66373178","0.00191402","334625","0.88","0.85"
"141","0.872318","66084059","0.00197866","168020","0.88","0.86"
"142","0.847465","64222563","0.00204747","406341","0.9","0.84"
"143","0.872314","66127773","0.00203363","189271","0.86","0.84"
"144","0.843111","63935354","0.0019922","207540","0.87","0.83"
"145","0.898058","68124403","0.00208073","310058","0.87","0.83"
"146","0.957337","72645173","0.00225814","755508","0.94","0.87"
"147","0.950158","72124574","0.00218338","441898","0.98","0.91"
"148","0.96158","73015063","0.00221533","272504","0.95","0.93"
"149","0.949483","72120640","0.00220172","224004","0.97","0.94"
"150","0.966162","73412385","0.00224413","349742","0.99","0.93"
"151","0.960645","73017786","0.00221749","392766","0.98","0.93"
"152","0.945596","71897692","0.00220419","229727","0.97","0.95"
"153","0.961688","73145989","0.00218706","411299","0.96","0.94"
"154","0.967989","73649516","0.00212176","613037","0.97","0.94"
"155","0.98147","74700339","0.00218498","438481","0.99","0.94"
"156","0.977053","74389469","0.00219467","238328","0.99","0.97"
"157","1.0642","81051494","0.00236879","646007","1.0","0.98"
"158","1.08972","83022901","0.0024416","960847","1.07","1.0"
"159","1.13048","86156029","0.00263059","2792970","1.28","1.05"
"160","1.13232","86324697","0.0026271","945126","1.15","1.08"
"161","1.21516","92671468","0.00291939","1144720","1.19","1.1"
"162","1.22148","93184254","0.00328339","3920330","1.32","1.14"
"163","1.24347","94893374","0.00324093","2218000","1.31","1.17"
"164","1.41144","107747685","0.00373139","1784500","1.33","1.21"
"165","1.43361","109475556","0.0037138","4296670","1.54","1.32"
"166","1.38563","105846634","0.00363046","1886480","1.46","1.31"
"167","1.53028","116934969","0.00367928","3008180","1.62","1.35"
"168","1.51063","115470835","0.00381735","1713200","1.59","1.49"
"169","1.67254","127888856","0.00424796","1968750","1.58","1.47"
"170","2.21577","169480957","0.00567825","9101720","2.03","1.5"
"171","2.10414","160995642","0.00529279","7952880","2.3","1.9"
"172","2.71051","207459875","0.00690169","12414100","2.66","2.06"
"173","2.44927","187526644","0.00619521","13903700","2.84","1.99"
"174","2.4033","184068087","0.00628405","6102710","2.59","2.19"
"175","2.54749","195175463","0.00683575","5530750","2.68","2.34"
"176","2.53951","194627374","0.00670851","5827890","2.61","2.3"
"177","2.45472","188189821","0.00646605","3413210","2.61","2.4"
"178","2.12417","162901621","0.00568296","6433110","2.53","2.19"
"179","2.17973","167216930","0.0058072","3142310","2.32","2.12"
"180","2.34967","180312490","0.00627929","3518760","2.45","2.16"
"181","2.55111","195835985","0.00682577","3921680","2.54","2.34"
"182","2.52839","194156181","0.0065151","3437090","2.63","2.44"
"183","2.506","192499055","0.00667785","2741860","2.61","2.47"
"184","2.58442","198588320","0.00683449","1788020","2.56","2.47"
"185","3.01396","231671939","0.0079529","8603630","3.06","2.54"
"186","3.25093","249967796","0.00870343","8975180","3.27","2.88"
"187","4.26808","328285606","0.0113012","24481200","4.04","3.17"
"188","4.60338","354191609","0.0121021","23985900","4.86","3.78"
"189","6.17066","474932748","0.0161658","31308600","6.29","4.34"
"190","4.71205","362789449","0.0120686","21479500","6.58","5.07"
"191","4.53955","349622456","0.0114376","21265900","5.72","4.19"
"192","5.88699","453546163","0.0144937","12177700","5.47","4.45"
"193","5.26723","405928537","0.0131144","11224800","5.89","5.02"
"194","4.39597","338894956","0.0107627","16838800","5.47","4.03"
"195","3.60813","278245474","0.00860083","16166600","4.77","3.5"
"196","4.65464","359066286","0.0110358","16286600","4.77","3.42"
"197","4.39507","339153445","0.0103818","6514930","4.79","4.27"
"198","4.26989","329602119","0.00971271","8113720","4.75","4.13"
"199","5.2448","404988694","0.0120533","10475600","4.71","4.23"
"200","5.71269","441264573","0.0130185","16021000","5.65","4.64"
"201","5.58142","431261284","0.0134684","9396860","5.95","5.39"
"202","6.35305","491045597","0.0151041","14752000","6.24","5.51"
"203","5.97399","461898335","0.0140558","18950800","6.65","5.55"
"204","5.95649","460697276","0.0138584","8500320","6.27","5.74"
"205","6.39912","495090702","0.0150125","8766610","6.53","5.92"
"206","6.5306","505426451","0.0149312","9819770","6.62","6.24"
"207","6.45819","499980124","0.0147908","7680060","6.61","6.05"
"208","7.57226","586423646","0.0174587","25175300","7.91","6.31"
"209","8.71289","674977485","0.0207425","28541100","8.75","7.37"
"210","8.797","681716701","0.0207411","46863300","10.1","8.33"
"211","10.6476","825390085","0.02593","34827900","10.41","8.48"
"212","11.0359","855774291","0.0275025","57795400","12.27","9.97"
"213","11.0133","854291444","0.0269615","34911000","11.84","9.99"
"214","8.94089","693761703","0.0214965","34822700","11.65","9.31"
"215","10.5855","821639952","0.0256766","23138900","10.17","8.82"
"216","11.6939","907967316","0.0282761","28398500","12.05","9.67"
"217","10.5216","817215518","0.0249319","25593300","12.24","10.99"
"218","13.0593","1014651004","0.0314883","36068500","11.6","10.39"
"219","14.3244","1113304121","0.0346333","44447100","13.53","11.09"
"220","13.8244","1074796440","0.0331841","54195500","15.26","13.47"
"221","12.7364","990550399","0.0305054","43061600","15.01","11.58"
"222","13.2124","1027969582","0.0317215","26436600","13.2","12.05"
"223","12.5105","973738885","0.0298108","24035500","13.73","12.5"
"224","10.8747","849723790","0.026078","40329300","12.64","10.44"
"225","9.8939","773401873","0.0241449","54714200","11.18","8.52"
"226","10.616","830185950","0.0257645","21583100","11.2","9.78"
"227","10.8138","846003114","0.0263137","19955100","10.9","9.57"
"228","11.583","906543211","0.0277616","28286100","12.01","10.16"
"229","11.901","932606652","0.0284684","20037800","12.03","11.18"
"230","11.4615","898534164","0.0274333","23553700","12.43","11.24"
"231","10.6745","837180340","0.0255823","21371200","12.5","10.8"
"232","10.9738","861000991","0.0262343","11873700","11.37","10.53"
"233","10.9251","857526401","0.0261178","7395110","11.18","10.59"
"234","11.361","892094531","0.0266611","24112600","11.05","10.11"
"235","11.5188","904854291","0.0271272","17566000","11.86","10.41"
"236","11.91","935961164","0.0288687","20082900","11.91","11.35"
"237","11.9387","938594765","0.0286627","16052300","12.18","11.47"
"238","11.6327","914900106","0.0279359","16617900","12.01","11.32"
"239","11.4882","903893730","0.0273012","10752900","11.85","11.4"
"240","11.5422","908509408","0.0274658","6645410","11.69","11.4"
"241","11.553","909730833","0.0273928","5803160","11.71","11.51"
"242","10.8094","851531661","0.025582","15075700","11.62","11.02"
"243","10.2773","809937788","0.0242453","18794800","11.21","10.13"
"244","10.691","842871270","0.0253081","13305700","10.97","10.28"
"245","9.91515","782018685","0.0233173","15843700","10.81","9.95"
"246","9.91024","781944370","0.0236976","14135200","10.39","9.66"
"247","8.89539","702146410","0.0211776","20326600","10.09","9.07"
"248","8.36365","660438125","0.0198513","39963400","9.22","7.46"
"249","7.83191","618691717","0.0184329","14355600","8.95","8.0"
"250","7.41576","586053667","0.0174445","24868900","8.64","7.15"
"251","8.74375","691276470","0.0206663","29467900","8.72","7.07"
"252","8.4969","672027189","0.0199684","11350100","8.76","8.02"
"253","8.16524","646054757","0.0188802","12403900","8.62","8.1"
"254","8.88601","703361757","0.0206674","15817000","8.65","8.11"
"255","9.19182","727861087","0.021442","20176900","9.7","8.56"
"256","9.11414","721997443","0.0212637","20284900","9.51","8.5"
"257","8.68771","688492505","0.0198962","15172200","9.31","8.6"
"258","8.61686","683150789","0.0195069","13087600","8.83","8.31"
"259","8.22683","652485689","0.0184302","13870800","8.72","7.96"
"260","7.93629","629694665","0.0178312","12367700","8.27","7.67"
"261","8.18478","649669166","0.0180555","15110900","8.55","7.74"
"262","8.0806","641657021","0.0176668","9977910","8.47","7.96"
"263","7.07753","562230048","0.0152264","21213300","8.09","7.24"
"264","7.48002","594438684","0.0160729","14452100","7.55","7.06"
"265","7.33041","582782483","0.0165157","21800300","7.97","7.32"
"266","7.61565","605701465","0.0169719","9926840","7.91","7.17"
"267","7.70051","612695195","0.0169556","9721810","7.73","7.17"
"268","8.83884","703548912","0.0196501","36845400","9.37","7.45"
"269","9.73194","774936445","0.0216899","22086100","9.01","8.43"
"270","9.76744","778076474","0.0218572","37152600","10.32","8.85"
"271","9.88719","787928994","0.0219958","21071600","10.17","9.28"
"272","9.58908","764475278","0.0214466","16676800","10.03","9.27"
"273","9.75955","778375295","0.021638","17528400","10.05","9.29"
"274","9.38007","748409468","0.0204748","20971500","9.95","9.04"
"275","9.0129","719399731","0.0196841","13100800","9.48","9.21"
"276","9.53976","761755764","0.0208891","12926800","9.6","8.93"
"277","9.35714","747470617","0.0203685","11479500","9.64","9.2"
"278","9.57757","765379222","0.0211126","10399800","9.48","9.26"
"279","10.095","807044406","0.0223962","17525400","10.01","9.39"
"280","10.9151","872964039","0.0239983","31083700","10.51","9.86"
"281","9.96488","797287822","0.0218977","28286800","11.05","10.02"
"282","10.1447","811994448","0.0222432","13734200","10.62","9.81"
"283","10.0289","803045470","0.0219526","7575040","10.44","9.93"
"284","11.7303","939653601","0.0258212","37788300","11.44","9.97"
"285","13.097","1049552946","0.0288015","43144900","12.49","11.15"
"286","14.1337","1133165815","0.0314204","50381800","14.26","12.18"
"287","14.8041","1187388118","0.033389","53437900","14.87","13.34"
"288","13.549","1087157375","0.0306116","42192600","15.05","13.38"
"289","13.9423","1119160821","0.0314713","16564900","14.05","13.12"
"290","14.0698","1129845050","0.0317899","20461400","14.35","13.77"
"291","12.8461","1031991301","0.0288119","28077000","14.49","13.19"
"292","12.3034","988787686","0.0273825","36927500","13.77","12.01"
"293","12.2899","988101869","0.0271685","28900900","12.9","11.77"
"294","10.9294","879066899","0.0230214","47853300","12.99","12.06"
"295","11.6938","940925295","0.0236662","42372400","12.39","10.5"
"296","12.2209","983732499","0.0231698","34406200","12.36","10.37"
"297","12.4175","999955167","0.022886","22593100","12.69","11.78"
"298","13.1197","1056922310","0.0241046","14614500","12.88","12.27"
"299","13.4812","1086473761","0.0251985","47087400","14.27","12.64"
"300","13.8965","1120384027","0.0258913","16217000","14.32","13.44"
"301","13.7133","1106059488","0.0248016","13151000","14.05","13.63"
"302","13.6742","1103345232","0.0238109","23710700","13.87","13.25"
"303","13.8547","1118354629","0.0239783","12035400","13.95","13.42"
"304","13.8587","1119119806","0.0237578","11322000","14.07","13.57"
"305","13.9149","1124101890","0.0237628","9344490","14.06","13.73"
"306","14.5293","1174200572","0.0250197","26283000","14.51","13.81"
"307","14.474","1170203432","0.0249775","10015500","14.78","14.28"
"308","14.1767","1146613616","0.0246063","10415300","14.57","14.34"
"309","13.8016","1116716672","0.0237473","11655300","14.43","13.82"
"310","14.392","1164949941","0.0224699","19673000","14.19","13.72"
"311","16.697","1352063073","0.0239487","39713700","15.9","14.19"
"312","18.5445","1502264223","0.0268761","59034200","17.64","15.72"
"313","18.1187","1468351927","0.0265676","39046800","19.27","17.3"
"314","19.4168","1574168166","0.0264867","27679700","18.91","17.71"
"315","17.6904","1434773844","0.0239269","136627000","20.83","18.36"
"316","13.1825","1069614657","0.0175086","124688000","21.52","13.57"
"317","12.4945","1014216962","0.0165832","138390000","15.38","9.96"
"318","11.3179","919074565","0.0150851","60870400","13.18","10.64"
"319","12.5258","1017566147","0.0183705","49988300","12.45","10.52"
"320","13.7616","1118399183","0.0206901","118127000","13.42","11.29"
"321","12.8942","1048324160","0.0217771","45485100","15.79","13.1"
"322","13.8816","1129041812","0.0211724","36172600","13.79","12.56"
"323","14.2611","1160366285","0.0209498","16685600","14.57","13.22"
"324","14.1235","1149627259","0.0217039","12089000","14.58","14.02"
"325","13.9793","1138336598","0.0219884","15914200","14.37","13.66"
"326","13.6018","1108031708","0.0209109","12011300","14.12","13.75"
"327","11.9359","972702724","0.0188124","49340900","13.98","11.72"
"328","12.418","1012395287","0.0190078","22678900","13.04","11.69"
"329","11.796","962062789","0.0173647","15844700","12.74","12.25"
"330","12.0359","982016724","0.017374","12998600","12.49","11.73"
"331","11.9714","977141099","0.0176577","9664820","12.22","11.95"
"332","11.4721","936747245","0.0170763","10501300","12.15","11.59"
"333","10.1894","832338649","0.0150931","31159100","11.88","11.39"
"334","10.6308","868733447","0.0157368","33166700","11.52","9.58"
"335","10.0555","822040782","0.0156135","14036800","11.11","10.28"
"336","10.2867","841273777","0.0159715","11186600","10.57","9.8"
"337","10.8148","884808786","0.0165958","24445900","11.52","9.96"
"338","10.9862","899190098","0.0169601","11107600","11.46","10.73"
"339","10.3507","847504857","0.0160229","10528000","11.01","10.78"
"340","10.6953","876064794","0.0163849","8741160","11.01","10.26"
"341","10.5412","863778080","0.0158265","10878900","10.76","10.43"
"342","10.984","900413559","0.0166474","15371300","10.59","10.4"
"343","12.0096","984871599","0.0180825","31105100","11.68","10.6"
"344","11.7366","962858076","0.0176382","13379300","12.43","11.49"
"345","11.3799","933961770","0.0170584","12880800","11.94","11.59"
"346","11.5093","944948169","0.0169493","17674900","11.67","11.01"
"347","11.1097","912496174","0.0165271","13751000","11.61","10.95"
"348","12.1278","996507851","0.0180883","32117400","12.01","11.01"
"349","12.3396","1014309345","0.018613","51731000","12.99","11.57"
"350","13.8725","1140757886","0.0209868","45874100","12.71","11.99"
"351","14.5325","1195498578","0.0221641","67116300","14.81","12.54"
"352","13.0893","1077193850","0.0199619","48142300","14.9","14.05"
"353","13.1423","1081969691","0.0201063","62956600","14.44","12.32"
"354","12.5752","1035685439","0.0193874","46022300","13.86","12.68"
"355","12.6535","1042526078","0.019408","100330000","13.85","11.73"
"356","12.4966","1030010284","0.0190593","33802800","13.31","11.84"
"357","12.6006","1038984129","0.0192242","19017200","12.99","12.49"
"358","12.6366","1042357489","0.0192602","11210300","12.87","12.55"
"359","12.269","1012427131","0.0193335","14095300","12.8","12.46"
"360","11.5751","955538822","0.0184957","29356500","12.51","11.55"
"361","10.5061","867619100","0.0173617","45874400","12.01","10.94"
"362","9.82174","811413032","0.0175458","90594100","11.14","8.2"
"363","10.9807","907517548","0.0190382","46555100","10.42","8.88"
"364","11.0556","914064824","0.0192556","29982100","11.29","10.16"
"365","10.3861","859040593","0.018203","15291400","11.18","10.76"
"366","11.0441","913820068","0.0186564","14679600","10.94","10.29"
"367","11.0411","913926450","0.0186867","16189900","11.09","10.78"
"368","11.88","983751153","0.020156","23162600","11.33","10.86"
"369","12.3156","1020221914","0.0208714","32972700","12.45","11.2"
"370","11.7071","970188651","0.0196475","27253900","12.46","11.98"
"371","11.9424","990074517","0.0203122","14761500","12.27","11.63"
"372","11.7619","975516670","0.0199715","8676500","12.04","11.64"
"373","11.4278","948174179","0.0199378","7499030","11.79","11.51"
"374","11.112","922325547","0.0195275","8450230","11.69","11.1"
"375","11.0346","916258180","0.0193229","8566220","11.31","11.0"
"376","11.0455","917517810","0.0191591","6871250","11.24","11.0"
"377","10.9316","908409811","0.0189616","8124840","11.15","10.75"
"378","10.7807","896219335","0.0186934","6284330","11.01","10.74"
"379","11.1875","930398631","0.0192567","7267860","10.8","10.73"
"380","11.0607","920210770","0.0190051","5532540","11.3","10.75"
"381","11.2182","933678558","0.0192249","4362420","11.25","10.99"
"382","11.04","919203261","0.018864","7079110","11.34","11.07"
"383","11.0562","920907112","0.0189933","5834230","11.23","10.9"
"384","11.2644","938611720","0.0195719","6874130","11.15","11.01"
"385","11.2826","940491126","0.0194539","7625380","11.39","11.02"
"386","11.2212","935731521","0.0195049","2688360","11.45","11.21"
"387","11.069","923395105","0.0192841","4290080","11.29","11.14"
"388","10.9561","914328455","0.0190219","7731740","11.15","10.92"
"389","11.0765","924731258","0.01919","5695330","11.15","10.79"
"390","11.5285","962831655","0.0200682","10064100","11.3","10.96"
"391","12.0386","1005821981","0.0210157","24458100","11.68","11.18"
"392","12.0952","1010937427","0.0210125","10436700","12.58","11.65"
"393","11.6346","972808084","0.0202294","12036500","12.31","11.88"
"394","11.6586","975184752","0.0191126","9770560","12.36","11.35"
"395","11.7554","983662116","0.0194335","6359570","11.79","11.47"
"396","11.6027","971252624","0.0190322","6684810","11.81","11.59"
"397","11.6621","976602740","0.0190499","5520100","11.73","11.47"
"398","11.4234","956973546","0.01821","10825800","11.73","11.52"
"399","11.5375","966904478","0.0185452","6158400","11.7","11.25"
"400","11.598","972348024","0.0185775","5328400","11.68","11.39"
"401","11.879","996288749","0.0190147","8774750","12.22","11.54"
"402","11.7704","987555782","0.0194117","10573500","12.21","11.59"
"403","12.0181","1008727217","0.0197251","10927200","11.95","11.61"
"404","11.9827","1006142167","0.0196021","4884380","12.09","11.88"
"405","12.0279","1010326003","0.0196968","8773340","12.0","11.86"
"406","12.2541","1029720021","0.0201314","7208790","12.14","11.92"
"407","12.6776","1065715603","0.0209086","17258100","12.75","11.9"
"408","12.8156","1077726264","0.0210479","8406010","12.76","12.44"
"409","12.9331","1088006671","0.0212037","25052000","12.99","12.16"
"410","13.6546","1149157771","0.0224085","25845500","13.19","12.42"
"411","13.7527","1157854210","0.0230301","31750100","14.43","13.12"
"412","12.7775","1076139344","0.0213614","24565900","14.43","13.17"
"413","13.4375","1132198083","0.022383","16957000","13.66","12.48"
"414","12.9048","1087742561","0.0213622","10359200","13.45","13.1"
"415","12.9552","1092437756","0.0215659","5205740","13.34","12.68"
"416","12.9189","1089791751","0.0212955","7161930","13.11","12.8"
"417","13.1136","1106669090","0.0216562","6050400","13.17","12.74"
"418","13.2973","1122621573","0.0219606","10933200","13.21","12.86"
"419","13.0849","1105113607","0.0216117","6267290","13.48","13.08"
"420","13.2896","1122823656","0.0219205","5593840","13.34","13.07"
"421","13.1748","1113558694","0.0214971","5896380","13.34","13.02"
"422","13.2534","1120677419","0.02169","5633550","13.31","13.05"
"423","13.222","1118475775","0.0215893","3721520","13.3","13.14"
"424","13.4283","1136358916","0.021989","9273190","13.49","13.19"
"425","13.2819","1124395206","0.021641","9525010","13.53","13.21"
"426","12.8065","1084583319","0.0208963","13607200","13.35","13.04"
"427","12.5793","1065781812","0.0203628","9405640","13.14","12.69"
"428","12.2289","1036543236","0.0197737","11130900","12.99","12.53"
"429","12.2402","1037915966","0.0198073","6366480","12.69","12.05"
"430","11.8416","1004511682","0.019149","11245000","12.36","11.98"
"431","12.0639","1023764976","0.0189929","10060000","12.06","11.62"
"432","11.9889","1017786343","0.0187562","10368900","12.16","11.75"
"433","11.8184","1003719710","0.0185612","9160280","12.07","11.71"
"434","11.9118","1012051150","0.0186466","6872810","12.13","11.78"
"435","11.8131","1004053921","0.0184134","4293680","12.07","11.9"
"436","11.9699","1017769470","0.0186304","4114660","12.0","11.78"
"437","11.9046","1012605566","0.0185728","4872850","12.01","11.93"
"438","12.9278","1100066382","0.0202028","15677900","12.03","11.86"
"439","12.0492","1025694043","0.0191568","12475700","12.93","12.0"
"440","12.1018","1030600410","0.0191852","9147440","12.62","11.91"
"441","12.0663","1027966475","0.019055","6273760","12.29","12.0"
"442","12.0596","1027779214","0.0188505","5789670","12.21","12.02"
"443","12.0264","1025331306","0.0183366","8240530","12.19","11.95"
"444","11.9569","1019783226","0.0182543","4986230","12.14","11.94"
"445","11.4441","976414708","0.0173932","12904200","12.1","11.91"
"446","11.6083","990793257","0.0173489","15092300","11.99","11.15"
"447","11.5681","987727084","0.0169288","14195200","11.66","11.38"
"448","11.2157","957991993","0.0163086","10671600","11.61","11.26"
"449","9.56327","817134132","0.0134435","21031200","11.58","10.95"
"450","10.4667","894650465","0.0148524","18270900","11.2","9.56"
"451","11.0493","944808939","0.0155997","17583200","11.45","10.29"
"452","10.7339","918170116","0.0146592","17488900","11.5","10.94"
"453","11.0079","941948461","0.0151825","16916900","11.18","10.3"
"454","11.0141","942822624","0.0150638","12177000","11.16","10.69"
"455","10.9237","935423977","0.0155293","14503600","11.11","10.76"
"456","11.038","945554430","0.0157877","8132190","11.12","10.82"
"457","10.8916","933370187","0.015538","5259820","11.24","10.88"
"458","10.8421","929486047","0.0154475","5615390","11.25","10.85"
"459","10.7587","922689078","0.0151287","6295420","10.96","10.78"
"460","10.7357","921055880","0.0148108","14819900","10.92","10.74"
"461","10.5761","907691586","0.0147852","4342580","10.83","10.22"
"462","10.4817","899917112","0.014624","5579100","10.68","10.51"
"463","10.0712","864990841","0.01429","6671380","10.57","10.26"
"464","10.2187","877988698","0.0148384","11790500","10.34","9.7"
"465","9.98124","857905689","0.0142317","4272320","10.41","9.84"
"466","10.213","878152661","0.0143624","5316190","10.16","9.96"
"467","10.1709","874851011","0.0138693","8056960","10.32","9.85"
"468","10.0031","860727786","0.0134012","9121030","10.33","9.93"
"469","9.59268","825725200","0.0127466","9642390","10.19","9.92"
"470","9.66649","832391064","0.012913","6998910","10.01","9.48"
"471","9.61463","828234595","0.013097","3731430","9.75","9.48"
"472","9.56658","824404801","0.0129566","5159130","9.71","9.52"
"473","9.94256","857117757","0.0132711","8917400","9.64","9.54"
"474","9.8723","851377202","0.013281","6899700","10.24","9.59"
"475","9.3563","807188870","0.0126463","6625220","9.96","9.76"
"476","9.55808","824906296","0.0129538","16549000","9.85","8.93"
"477","9.38065","809901196","0.0128255","4704400","9.75","9.21"
"478","9.17103","792106732","0.0124283","5617160","9.5","9.31"
"479","8.81287","761472736","0.0119745","8408870","9.33","8.78"
"480","8.13552","703220156","0.0110442","14437300","9.01","8.72"
"481","8.62528","745828653","0.0115534","11573100","8.74","7.88"
"482","8.40792","727301780","0.0111327","7518450","8.75","8.16"
"483","7.95619","688479513","0.0102166","8950490","8.65","8.36"
"484","7.8326","678034837","0.0101652","19835300","8.46","7.42"
"485","7.58668","656985098","0.00983143","9034830","8.15","7.67"
"486","7.25039","628089155","0.00956814","9947150","7.95","7.44"
"487","6.93972","601396330","0.00907424","42676500","7.64","6.66"
"488","7.96485","690488095","0.0103768","27693200","7.92","5.98"
"489","8.55038","741521816","0.0110594","24204200","8.54","7.33"
"490","8.63321","748979601","0.0111556","13617100","8.86","8.23"
"491","8.35336","724965929","0.0107637","7543410","8.67","8.05"
"492","8.19125","711158842","0.0106567","7726580","8.53","8.02"
"493","8.48314","736765091","0.0108766","7151260","8.27","8.1"
"494","8.36854","727077818","0.0107101","6868450","8.61","8.17"
"495","8.37242","727679613","0.0107225","4909860","8.53","8.35"
"496","7.9888","694591868","0.0102337","13226200","8.52","8.25"
"497","7.81534","679758032","0.00997703","7498620","8.24","7.72"
"498","7.57623","659201020","0.00958108","7155920","7.93","7.8"
"499","7.91289","688744816","0.0100202","6705020","7.9","7.52"
"500","7.72591","672715536","0.00974738","5505370","7.93","7.72"
"501","7.67315","668366761","0.00966648","6129990","7.87","7.63"
"502","7.91506","689686146","0.00958706","8362680","7.75","7.57"
"503","7.61572","663842655","0.0087485","16469600","7.94","7.66"
"504","7.24015","631328172","0.00797047","16372100","7.91","7.5"
"505","7.34599","640786457","0.00818296","12074600","7.69","7.16"
"506","7.25881","633413269","0.00830105","7807280","7.41","7.15"
"507","7.25054","632923308","0.00800026","7010400","7.34","7.14"
"508","7.2249","630911471","0.00771547","6070130","7.33","7.05"
"509","7.11536","621569992","0.00735367","10642100","7.32","7.09"
"510","8.27427","723069367","0.00853573","30196200","7.62","7.08"
"511","8.16388","713681281","0.0085564","19180500","8.53","7.54"
"512","7.99574","699235532","0.00836706","9767760","8.47","8.05"
"513","8.23864","720735075","0.00843722","11402300","8.16","7.91"
"514","8.16096","714196626","0.007963","14264500","8.47","7.98"
"515","9.41901","824588224","0.00918238","20130000","8.44","8.05"
"516","10.8366","949044121","0.00986177","48570100","10.0","8.32"
"517","9.92636","869642248","0.0102802","44518100","11.28","9.56"
"518","10.2817","901096410","0.0111954","28690300","11.89","9.4"
"519","10.0349","879786562","0.0112821","24141300","10.63","9.63"
"520","10.1201","887575380","0.011235","18842200","10.28","9.59"
"521","10.6746","936545623","0.0118284","24660300","10.39","9.83"
"522","10.5849","929010384","0.0116922","16110000","10.78","10.14"
"523","9.92186","871128595","0.0122157","19922200","10.69","10.29"
"524","9.64537","847160455","0.0122928","31413900","10.66","9.46"
"525","9.78377","859624701","0.0120264","24615300","10.08","9.18"
"526","9.63099","846503728","0.0116156","23207700","9.85","9.51"
"527","9.89553","870066766","0.0121024","17043400","9.89","9.44"
"528","9.77584","859853013","0.0117835","13978700","10.0","9.6"
"529","10.0847","887337648","0.0113919","19869400","9.93","9.58"
"530","10.1145","890275978","0.0115933","16132700","10.61","9.54"
"531","10.2584","903270997","0.0114848","7549210","10.52","9.94"
"532","10.5769","931646368","0.0118098","12326100","10.44","10.18"
"533","10.8843","959067050","0.011815","11924000","10.76","10.35"
"534","10.7445","947086471","0.0117515","8862760","10.98","10.58"
"535","10.8037","952646672","0.0116396","7296100","10.97","10.58"
"536","10.6006","935068453","0.0116902","7917960","10.84","10.67"
"537","10.5304","929209145","0.0117214","7884980","10.77","10.57"
"538","10.573","933301379","0.0115576","6776110","10.62","10.48"
"539","10.5244","929341888","0.0114389","8300120","10.67","10.51"
"540","10.5125","928621089","0.011405","6127540","10.61","10.44"
"541","10.4995","927800439","0.0113839","5815460","10.58","10.43"
"542","10.4998","928159037","0.0113838","5284760","10.57","10.45"
"543","10.6471","941521269","0.0111431","11152100","10.71","10.47"
"544","10.6209","939532713","0.0108713","13294200","10.75","10.54"
"545","10.6725","944432207","0.0107007","8973540","10.85","10.56"
"546","10.8578","961169936","0.0105817","14745900","10.89","10.55"
"547","11.4835","1016921664","0.0111888","13377700","11.11","10.76"
"548","11.3776","1007905949","0.0110281","8456350","11.5","11.13"
"549","11.4386","1013668255","0.0109949","6110390","11.49","11.32"
"550","11.5164","1020928473","0.0108955","7349870","11.48","11.34"
"551","11.3414","1005773516","0.0107319","9660630","11.61","11.41"
"552","10.779","956236162","0.0112187","15104600","11.63","11.24"
"553","11.0336","979170953","0.0114149","12184600","11.6","10.67"
"554","11.2557","999237541","0.0111946","10573000","11.34","10.78"
"555","11.3418","1007238112","0.011336","5799720","11.43","11.24"
"556","11.2424","998767285","0.0113276","6582370","11.4","11.3"
"557","12.5997","1119753441","0.0125353","27922500","11.39","11.17"
"558","12.8412","1141620698","0.0127707","30286600","13.33","11.29"
"559","12.8704","1144619741","0.0125368","22945000","13.04","12.64"
"560","12.8453","1142796451","0.0122589","28169800","12.92","12.54"
"561","12.748","1134533838","0.0120834","10397400","12.91","12.66"
"562","12.7979","1139377226","0.0122103","8726780","12.83","12.68"
"563","12.7692","1137222566","0.0120649","9357490","12.87","12.71"
"564","12.7302","1134148886","0.0116289","17552400","12.9","12.43"
"565","12.6248","1125152535","0.0113122","9701680","12.77","12.21"
"566","12.7596","1137561732","0.011128","11485200","12.76","12.55"
"567","13.1933","1176645128","0.0111129","22469200","13.21","12.56"
"568","13.5987","1213226617","0.0118008","15573000","13.23","12.88"
"569","13.6252","1216020408","0.0117697","14028400","13.72","12.98"
"570","14.6148","1304798746","0.0124982","26889200","14.54","13.4"
"571","15.3712","1372816100","0.0130695","52544300","15.68","14.27"
"572","15.8035","1411920648","0.0130936","45459300","16.06","15.12"
"573","18.7632","1676935462","0.0151657","82374600","17.37","15.56"
"574","18.8841","1688339753","0.0148201","98266600","19.35","16.95"
"575","19.5345","1747099199","0.0155458","40598800","20.67","18.41"
"576","19.298","1726555195","0.0153154","31400600","20.05","18.62"
"577","19.761","1768597532","0.0155256","24194600","19.42","18.23"
"578","19.0037","1701403248","0.0155094","40761100","20.1","19.11"
"579","17.5869","1575111771","0.0149063","45226500","19.63","18.64"
"580","17.254","1545825275","0.0146306","35861900","18.88","16.65"
"581","18.2338","1634178764","0.0147981","40931800","17.87","16.37"
"582","20.0186","1794758049","0.0169671","89239400","19.66","17.68"
"583","22.178","1989050834","0.0183246","90504200","21.59","19.01"
"584","29.9222","2684529845","0.0244967","211508000","23.44","21.38"
"585","28.0882","2520867266","0.0225996","148719000","30.6","23.5"
"586","30.6553","2752223873","0.0245449","93996000","29.93","27.32"
"587","40.6497","3650785825","0.0332622","389553000","35.06","28.43"
"588","47.8125","4295610975","0.0408685","554773000","47.17","35.36"
"589","36.2538","3258292981","0.0362972","256719000","55.11","38.21"
"590","40.153","3609974595","0.0397028","236550000","46.87","31.7"
"591","45.4591","4088460050","0.0430097","206311000","47.0","35.34"
"592","43.9347","3952742600","0.0401113","111558000","46.23","42.44"
"593","39.8998","3590972169","0.0388625","110205000","44.26","42.37"
"594","41.7155","3755692281","0.0396664","78203500","43.52","39.69"
"595","47.579","4285053922","0.047752","211078000","44.75","41.3"
"596","49.4783","4457644432","0.0525228","282910000","54.14","43.21"
"597","49.6259","4472490482","0.049234","147786000","53.58","48.31"
"598","50.7603","4576296370","0.0493979","122437000","51.8","49.28"
"599","50.2902","4535455241","0.0474714","110445000","52.46","48.93"
"600","52.6444","4749412260","0.0504813","137830000","50.96","49.15"
"601","52.6326","4749975562","0.0515223","95685400","53.87","50.55"
"602","47.7169","4307836372","0.044943","122336000","53.31","51.87"
"603","51.0716","4612255752","0.0479505","109934000","51.77","47.38"
"604","49.4834","4470368150","0.0451198","82399200","51.93","48.88"
"605","45.8816","4146376785","0.0404336","220945000","51.27","45.43"
"606","45.1064","4077735767","0.0401699","180239000","48.82","43.41"
"607","47.046","4254537184","0.0419885","95391100","45.74","41.72"
"608","44.8524","4057558568","0.0387732","114814000","47.84","44.54"
"609","42.5397","3849658720","0.0360766","142697000","45.64","40.9"
"610","45.1659","4088713204","0.0382719","85283800","44.04","41.65"
"611","43.2103","3912993889","0.0364499","48441600","45.21","41.73"
"612","42.5014","3850081734","0.0357855","46796300","44.49","42.89"
"613","43.3702","3930103484","0.0360302","45946500","44.14","42.42"
"614","43.5552","3948181902","0.0362347","36016300","44.25","43.3"
"615","50.4556","4575207742","0.0432523","171699000","47.23","43.11"
"616","46.8719","4251694368","0.0399202","122441000","50.91","46.31"
"617","47.6317","4322046323","0.0401255","48978800","50.05","46.76"
"618","48.7774","4427494540","0.0412368","55870000","49.57","47.18"
"619","48.3175","4387229597","0.0407474","36507500","49.14","48.19"
"620","50.5907","4595181478","0.0418199","77518800","48.75","48.05"
"621","50.8194","4617482852","0.0420837","53467200","51.03","48.3"
"622","48.8684","4441678511","0.0397618","99091100","50.95","47.26"
"623","49.0333","4458155950","0.0401471","54405600","49.99","48.13"
"624","48.6882","4428245318","0.0400212","40072400","49.66","48.14"
"625","48.389","4402502648","0.0395726","38320400","48.74","48.17"
"626","50.104","4560045677","0.0409169","55313400","48.89","48.17"
"627","49.9819","4550450954","0.039736","40255300","50.18","48.87"
"628","52.4477","4776505397","0.0407887","80577800","50.3","49.81"
"629","58.59","5337608571","0.0445531","221874000","53.44","49.91"
"630","64.479","5876011410","0.0491632","284767000","62.17","52.29"
"631","70.4043","6418076649","0.0533621","182798000","70.85","62.13"
"632","71.7681","6544484171","0.0542256","118415000","71.9","66.78"
"633","76.9247","7016967949","0.0545534","384073000","79.02","68.35"
"634","77.9965","7117040392","0.0536763","276797000","82.52","73.09"
"635","80.051","7306881471","0.054623","146568000","79.35","74.38"
"636","89.9966","8217325282","0.0572458","253529000","80.1","75.76"
"637","99.136","9054787855","0.0630809","388480000","97.56","79.43"
"638","94.0171","8590014016","0.0605001","217162000","103.23","92.22"
"639","96.764","8843856018","0.0619639","134332000","97.88","90.95"
"640","93.1722","8518327610","0.0562363","262977000","98.24","89.87"
"641","89.146","8152879748","0.049295","315949000","95.14","89.51"
"642","88.4985","8096287169","0.0499008","161960000","93.06","80.39"
"643","90.4664","8279018322","0.0488794","137941000","92.85","85.29"
"644","91.3386","8361573443","0.0517338","136899000","102.55","88.48"
"645","88.6388","8117037090","0.0517763","117787000","93.12","88.66"
"646","89.9829","8242690051","0.0504708","64098600","93.81","86.66"
"647","93.0359","8524999100","0.0545411","148982000","91.25","89.61"
"648","90.3108","8277849633","0.0517423","153234000","95.43","86.83"
"649","90.1621","8266756424","0.0493413","184996000","93.56","89.12"
"650","94.3087","8649628446","0.0506319","186154000","91.27","84.43"
"651","117.655","10794218067","0.0604994","416074000","97.37","89.84"
"652","128.898","11829387818","0.0652873","478224000","133.56","97.05"
"653","140.911","12935870894","0.069632","396951000","133.64","124.7"
"654","186.887","17161988098","0.0845949","1178430000","159.03","125.89"
"655","182.896","16800635439","0.0811429","745227000","201.75","152.47"
"656","193.231","17755613907","0.0811522","495470000","183.55","169.93"
"657","202.696","18631216440","0.0754772","946994000","228.37","182.45"
"658","181.111","16652347455","0.0748775","848118000","210.98","170.51"
"659","160.934","14801862233","0.0765292","1334050000","193.69","150.28"
"660","158.899","14619264325","0.0759391","755119000","166.95","120.44"
"661","185.937","17112336498","0.0821203","502175000","179.94","157.6"
"662","205.547","18923162471","0.0912137","1277530000","197.13","164.53"
"663","229.831","21165551677","0.0999725","1596730000","233.71","189.29"
"664","222.204","20469433076","0.0936801","878890000","236.97","215.57"
"665","221.122","20375770988","0.0918289","510669000","236.22","214.48"
"666","222.939","20549295146","0.0878105","447562000","229.41","219.58"
"667","248.037","22869485584","0.0983271","683489000","225.97","219.42"
"668","248.003","22873147512","0.0950998","503630000","250.41","223.98"
"669","260.683","24049800786","0.0940066","663387000","249.47","243.05"
"670","259.866","23981658822","0.092319","480072000","267.51","246.84"
"671","257.089","23732656262","0.0940041","434682000","264.67","254.04"
"672","275.873","25474295421","0.0974443","445431000","262.25","253.97"
"673","315.373","29130530122","0.109526","1093900000","282.76","261.75"
"674","341.219","31527538218","0.115217","1879700000","350.26","282.01"
"675","373.309","34502993575","0.141381","2139530000","353.01","318.17"
"676","391.513","36196531213","0.143086","2254440000","414.76","341.16"
"677","369.031","34128461499","0.144739","1141110000","411.18","370.06"
"678","333.499","30851903653","0.143079","2232210000","399.32","342.21"
"679","371.358","34364643872","0.148662","1453320000","364.44","300.7"
"680","373.975","34617470542","0.14971","840045000","373.06","341.42"
"681","377.562","34960376940","0.151146","957815000","379.41","364.0"
"682","371.813","34438685264","0.148844","699034000","390.58","368.84"
"683","376.359","34869897056","0.150664","698552000","377.12","369.76"
"684","338.292","31351916026","0.135425","1256450000","377.97","350.94"
"685","340.326","31549313241","0.136239","1340270000","361.34","319.48"
"686","340.811","31603312607","0.125079","692830000","342.03","330.62"
"687","334.167","30995939385","0.127114","580741000","348.01","334.99"
"688","321.283","29809370027","0.124362","813944000","343.62","322.09"
"689","262.385","24351731987","0.108947","1726200000","332.79","284.65"
"690","301.789","28022989653","0.119607","2213090000","311.46","238.65"
"691","315.543","29309336105","0.125598","2009590000","293.09","227.14"
"692","305.518","28386347237","0.121646","1066150000","333.1","276.41"
"693","282.877","26290312937","0.114613","1119280000","330.71","297.37"
"694","269.758","25078312330","0.112055","968622000","315.17","288.44"
"695","288.076","26789026855","0.112297","1064890000","293.75","268.62"
"696","284.342","26449434469","0.109029","640059000","295.51","262.52"
"697","264.446","24605882591","0.10309","814956000","291.1","281.18"
"698","272.236","25336353969","0.105748","754613000","287.39","273.11"
"699","253.318","23582255005","0.101094","531064000","275.13","261.45"
"700","245.791","22890082093","0.0974097","822449000","278.48","265.51"
"701","244.27","22754969529","0.0964091","598428000","273.94","244.17"
"702","227.169","21167737658","0.0919434","506744000","273.48","236.55"
"703","205.316","19136410288","0.0865371","1657880000","255.1","242.14"
"704","216.768","20210685743","0.0915595","1108140000","243.07","196.97"
"705","207.185","19322208844","0.0884297","881684000","220.29","183.39"
"706","196.211","18303397331","0.0898199","734737000","230.77","189.59"
"707","179.123","16713662486","0.0875958","825702000","231.81","200.06"
"708","149.804","13981549486","0.0794501","1401940000","211.1","187.37"
"709","182.349","17023366012","0.0845978","1531310000","200.16","170.66"
"710","241.041","22508424932","0.102368","2611270000","172.01","133.72"
"711","209.875","19603236126","0.0923819","2505250000","194.75","158.04"
"712","227.079","21215694000","0.0832135","2311540000","267.99","182.06"
"713","215.402","20129966141","0.0817671","1164020000","245.65","191.75"
"714","229.22","21426800525","0.0811238","583224000","233.9","203.22"
"715","228.593","21373783431","0.0824668","718085000","235.12","213.01"
"716","223.949","20944948014","0.0813134","453743000","232.7","216.87"
"717","201.758","18874506774","0.0788071","1013120000","231.68","217.72"
"718","202.372","18936918862","0.0813716","757371000","227.54","222.45"
"719","204.229","19115651078","0.0772502","385860000","225.32","195.84"
"720","195.675","18319835817","0.0710493","574223000","210.77","194.78"
"721","196.862","18435763587","0.0724327","691231000","206.44","201.26"
"722","199.856","18721109157","0.0733166","706559000","204.9","192.3"
"723","202.154","18941282253","0.0709717","531844000","208.68","179.65"
"724","225.711","21153358113","0.0826507","1561990000","208.54","196.15"
"725","220.291","20650056111","0.0821427","701146000","203.87","193.41"
"726","225.094","21104993205","0.0809702","552921000","227.74","204.69"
"727","222.63","20878733245","0.0785946","546929000","229.51","218.12"
"728","249.049","23361642585","0.0775146","1234700000","228.29","219.89"
"729","267.89","25134698639","0.082559","1491910000","227.62","222.06"
"730","267.197","25075443441","0.0795079","998565000","256.51","221.95"
"731","297.456","27921614317","0.0870051","1454110000","271.05","252.85"
"732","301.518","28309378463","0.0898656","2615230000","271.96","256.69"
"733","302.084","28369076708","0.0879564","1182740000","298.91","266.8"
"734","301.145","28287464963","0.0835146","877842000","318.72","276.69"
"735","308.636","28997881790","0.0813385","1196700000","306.59","289.93"
"736","296.363","27851262316","0.0728103","1357270000","309.21","294.5"
"737","299.659","28167615260","0.0699484","886468000","317.56","307.9"
"738","287.568","27037463692","0.069973","1041870000","310.82","289.31"
"739","301.199","28325898242","0.0693308","970298000","306.81","296.41"
"740","304.577","28650379067","0.0701474","905233000","300.41","279.33"
"741","293.025","27570310696","0.0735781","882081000","303.41","285.38"
"742","296.306","27885721199","0.0717106","911909000","311.03","300.25"
"743","297.089","27965957017","0.0722848","548824000","307.96","292.5"
"744","326.064","30700867524","0.0812458","2398340000","301.67","286.18"
"745","313.197","29463329321","0.0765022","1433200000","301.43","291.58"
"746","316.627","29826592404","0.0767924","814242000","347.05","297.23"
"747","323.112","30444811445","0.0762517","679190000","327.36","297.91"
"748","332.719","31356348400","0.0764939","792970000","324.21","314.54"
"749","332.854","31375266102","0.0765675","549397000","327.96","317.08"
"750","340.292","32082718391","0.0780255","562338000","336.4","325.8"
"751","345.592","32588785514","0.0792428","902121000","334.99","327.92"
"752","371.792","35066461646","0.0804621","1174090000","347.89","334.36"
"753","379.244","35776462198","0.0829136","1372330000","352.05","338.41"
"754","383.488","36184279891","0.080921","717386000","373.76","347.79"
"755","386.834","36507316479","0.0794194","861845000","388.75","361.97"
"756","340.872","32176103698","0.0749497","1421650000","386.14","376.35"
"757","345.317","32602100340","0.0750807","1019010000","390.04","383.47"
"758","308.55","29136777094","0.0703414","1831540000","389.35","328.1"
"759","312.877","29551326962","0.07023","1536990000","366.49","332.23"
"760","331.323","31299856087","0.0717201","1102070000","347.13","279.94"
"761","330.701","31247548978","0.0711984","726432000","318.57","268.29"
"762","299.543","28309257124","0.069258","1097650000","334.66","313.49"
"763","294.598","27847524811","0.0680664","538803000","333.52","319.94"
"764","290.671","27481843368","0.0679381","692214000","329.64","285.16"
"765","293.915","27794073912","0.0697362","575567000","299.89","287.22"
"766","286.907","27137126756","0.0698101","748663000","294.76","268.97"
"767","280.112","26499731587","0.0716284","921990000","300.69","286.69"
"768","228.058","21579609288","0.0685921","1301720000","311.19","287.23"
"769","254.642","24100054166","0.0683259","1918550000","291.12","260.61"
"770","244.171","23113755917","0.066472","698078000","280.84","213.91"
"771","255.053","24148788552","0.0683486","438253000","258.65","195.03"
"772","295.768","28009379202","0.0717033","1140840000","262.59","238.22"
"773","282.431","26751829245","0.0721079","635040000","257.0","235.24"
"774","284.456","26949095615","0.0729665","422855000","293.5","252.23"
"775","261.813","24808962660","0.0716393","616009000","295.77","274.48"
"776","262.569","24884722496","0.0731169","419915000","290.89","278.05"
"777","286.215","27130062712","0.0757234","459058000","286.61","255.02"
"778","282.775","26808363925","0.0767129","568605000","270.54","256.22"
"779","292.858","27768629326","0.0744373","479377000","286.17","261.12"
"780","287.883","27301261423","0.0737765","349248000","292.95","278.13"
"781","304.452","28877265882","0.0727118","550459000","293.51","281.88"
"782","299.787","28439317419","0.0714536","495011000","293.75","287.02"
"783","292.037","27708431371","0.0699426","540112000","308.01","286.82"
"784","301.681","28627952464","0.0692563","339527000","307.2","295.47"
"785","301.734","28637546745","0.0686552","304111000","299.92","279.77"
"786","298.506","28335686116","0.0679192","336285000","303.96","291.11"
"787","292.042","27726530369","0.0677633","319591000","303.19","295.06"
"788","292.793","27802340672","0.0694145","257989000","302.92","294.58"
"789","294.99","28015497649","0.0683642","252629000","300.11","288.13"
"790","308.402","29293885006","0.0706192","329266000","299.39","290.89"
"791","311.854","29626443422","0.0698525","333859000","298.04","288.84"
"792","307.821","29248005661","0.0671569","295203000","308.84","294.95"
"793","296.085","28137388177","0.0612943","559589000","313.13","304.98"
"794","302.604","28761582633","0.0635331","360932000","312.54","308.03"
"795","303.513","28852687451","0.0629449","260499000","309.31","288.19"
"796","302.401","28751641368","0.055565","542289000","306.15","293.17"
"797","336.841","32031299538","0.0598687","1285870000","304.39","299.1"
"798","342.717","32595316994","0.0587326","529047000","309.15","303.29"
"799","336.505","32009766670","0.0590325","623765000","348.6","299.66"
"800","332.953","31677298269","0.0576204","709664000","347.98","334.7"
"801","314.736","29950454365","0.0571132","508727000","342.72","320.43"
"802","312.914","29783442390","0.0563831","601128000","349.35","332.04"
"803","308.97","29414342619","0.0540195","348164000","333.48","311.79"
"804","303.355","28886015916","0.0506749","397719000","317.24","290.64"
"805","300.963","28664310954","0.0499857","406827000","316.71","305.83"
"806","294.057","28012572928","0.0493963","326847000","311.44","303.49"
"807","283.911","27051847877","0.0490813","492843000","303.93","291.77"
"808","298.7","28467126541","0.0540314","672864000","305.5","292.81"
"809","297.488","28357616927","0.0520607","324954000","295.75","277.57"
"810","296.795","28297539775","0.0503774","266537000","311.96","282.66"
"811","297.787","28398232593","0.0510478","260046000","301.85","290.72"
"812","296.689","28299591962","0.051802","263634000","301.07","295.22"
"813","305.042","29102521943","0.0495992","553928000","299.26","294.06"
"814","307.271","29321359967","0.0500681","327838000","300.36","293.58"
"815","306.401","29244652975","0.0478186","374596000","313.75","296.38"
"816","291.332","27812282066","0.0432096","568862000","310.5","304.35"
"817","290.226","27712594224","0.0415439","906859000","310.55","305.88"
"818","303.853","29019941339","0.0430714","632378000","306.4","290.58"
"819","299.894","28647905921","0.0409064","407612000","293.91","281.17"
"820","295.967","28278856960","0.0400469","338350000","308.31","287.69"
"821","298.075","28486304796","0.0423789","585670000","305.48","295.8"
"822","294.306","28132122093","0.0414644","537074000","301.37","295.12"
"823","308.3","29476019977","0.0415365","972896000","305.42","293.72"
"824","318.98","30503590143","0.0444671","888997000","304.84","290.77"
"825","299.621","28658465273","0.0453443","885055000","318.7","293.1"
"826","311.568","29807562448","0.0494077","833921000","329.45","307.06"
"827","307.756","29449072042","0.0523158","1632160000","324.72","294.54"
"828","317.176","30356962436","0.0482389","1027590000","319.45","298.19"
"829","338.248","32380543076","0.0504212","1082940000","319.15","298.51"
"830","333.144","31898779424","0.0458175","709691000","328.42","307.02"
"831","329.442","31550966957","0.0415081","803967000","340.18","316.76"
"832","330.201","31630368088","0.043564","614861000","340.91","329.81"
"833","348.212","33362738390","0.0447511","649705000","336.16","323.61"
"834","353.74","33899613547","0.0440331","1172440000","334.96","327.52"
"835","367.586","35234009311","0.044592","816531000","349.62","327.69"
"836","363.08","34809493648","0.0444047","945306000","371.29","344.74"
"837","383.45","36770297124","0.0463924","834346000","372.14","353.29"
"838","411.533","39471652573","0.0509702","1869510000","372.47","350.69"
"839","477.534","45811772378","0.0581609","2285240000","381.42","360.15"
"840","461.626","44295038987","0.052677","1398790000","425.55","376.09"
"841","470.827","45187597797","0.0500135","1192710000","480.97","402.76"
"842","480.104","46087725065","0.0493023","1388700000","485.19","461.05"
"843","480.362","46122243094","0.0482121","1381240000","472.72","451.61"
"844","445.921","42824489194","0.0448469","2807740000","493.4","468.49"
"845","442.997","42552717228","0.0440579","1837650000","482.48","466.35"
"846","469.581","45115901907","0.0428779","1249100000","522.31","425.07"
"847","465.952","44776615407","0.0423921","930253000","465.5","401.24"
"848","467.581","44942684898","0.0413452","998723000","472.61","428.31"
"849","472.034","45380393200","0.0405951","1004950000","476.24","456.65"
"850","461.069","44335739644","0.0390379","1257410000","482.81","451.85"
"851","421.671","40555970455","0.0298826","2014470000","474.78","453.31"
"852","427.118","41088803454","0.0244674","2101580000","473.56","457.66"
"853","457.486","44019539997","0.0282011","2292250000","462.71","420.21"
"854","464.225","44677510459","0.0318803","1952350000","441.4","414.41"
"855","453.23","43628571303","0.0294251","1443950000","466.06","422.37"
"856","510.85","49185567139","0.0303245","1942950000","504.15","456.25"
"857","652.557","62842721749","0.037398","5094900000","472.79","429.51"
"858","721.283","69476144301","0.0438501","4581570000","516.97","439.1"
"859","672.565","64797466858","0.0395306","3713010000","657.32","504.49"
"860","696.059","67075464446","0.0392553","2736390000","747.99","597.8"
"861","711.899","68616340576","0.0367948","2238200000","753.12","664.99"
"862","711.724","68614040156","0.0381456","2059560000","697.13","621.06"
"863","789.045","76084384251","0.041809","3239780000","718.38","680.79"
"864","761.583","73451984583","0.0464618","3998150000","735.83","696.24"
"865","821.313","79229699958","0.0495143","3722310000","803.93","689.23"
"866","812.538","78399854833","0.0523307","3536110000","881.94","785.34"
"867","679.731","65599588231","0.049638","5008970000","845.06","756.0"
"868","714.575","68977049305","0.0493734","2489670000","880.54","792.69"
"869","721.346","69645590283","0.0516545","2398490000","827.68","543.76"
"870","763.946","73773690493","0.0545269","2422500000","763.89","679.73"
"871","780.0","75340442408","0.0491652","2204490000","721.77","614.92"
"872","751.848","72636656517","0.0496542","2047580000","782.52","698.87"
"873","743.432","71838774879","0.051454","2403370000","786.79","760.93"
"874","741.634","71680186714","0.0520129","2667720000","789.25","738.41"
"875","723.378","69930669847","0.055977","3205780000","763.32","701.19"
"876","747.521","72279879533","0.0541421","2517380000","770.12","729.61"
"877","797.4","77119030150","0.0574979","2733980000","753.82","685.23"
"878","903.975","87443648209","0.0606876","5882810000","760.35","710.12"
"879","958.275","92717429027","0.0631029","5127880000","782.53","742.0"
"880","989.097","95716368528","0.0655697","6510440000","914.83","772.35"
"881","1003.71","97155464771","0.0596483","6747100000","974.47","868.45"
"882","1053.54","102000889022","0.0613195","4714840000","1045.08","946.09"
"883","1213.92","117554209937","0.0746713","5910600000","1075.39","956.33"
"884","1171.22","113443380213","0.0775154","8355560000","1060.71","994.62"
"885","1284.81","124472197989","0.0900794","7990280000","1153.17","1043.01"
"886","1327.8","128664678960","0.0894533","9674000000","1266.93","1016.05"
"887","1132.68","109781447923","0.0858679","6949850000","1320.98","1145.49"
"888","1281.67","124248799953","0.0907721","5201840000","1417.38","1226.6"
"889","1377.72","133588759230","0.095779","5672090000","1337.3","1135.17"
"890","1389.18","134728863762","0.100433","4940690000","1296.04","1120.09"
"891","1262.48","122466582462","0.0944519","4768700000","1432.88","1270.47"
"892","1019.89","98953373618","0.0904603","8339400000","1400.56","1286.21"
"893","1003.25","97362172158","0.0913432","8242210000","1390.59","1290.6"
"894","1052.61","102173921640","0.0916019","5941200000","1292.63","875.54"
"895","1057.62","102681882068","0.0903616","4096310000","1090.23","780.92"
"896","1134.55","110163982060","0.0896324","4107590000","1100.31","967.76"
